[{"__symbolic":"module","version":4,"metadata":{"docChanges":{"__symbolic":"function","parameters":["query"],"value":{"__symbolic":"call","expression":{"__symbolic":"select","expression":{"__symbolic":"call","expression":{"__symbolic":"reference","module":"../observable/fromRef","name":"fromCollectionRef","line":15,"character":9},"arguments":[{"__symbolic":"reference","name":"query"}]},"member":"map"},"arguments":[{"__symbolic":"error","message":"Lambda not supported","line":16,"character":9}]}},"sortedChanges":{"__symbolic":"function","parameters":["query","events"],"value":{"__symbolic":"call","expression":{"__symbolic":"select","expression":{"__symbolic":"call","expression":{"__symbolic":"select","expression":{"__symbolic":"call","expression":{"__symbolic":"select","expression":{"__symbolic":"call","expression":{"__symbolic":"reference","module":"../observable/fromRef","name":"fromCollectionRef","line":26,"character":9},"arguments":[{"__symbolic":"reference","name":"query"}]},"member":"map"},"arguments":[{"__symbolic":"error","message":"Lambda not supported","line":27,"character":9}]},"member":"scan"},"arguments":[{"__symbolic":"error","message":"Lambda not supported","line":28,"character":10},[]]},"member":"map"},"arguments":[{"__symbolic":"error","message":"Lambda not supported","line":29,"character":9}]}},"combineChanges":{"__symbolic":"function"},"combineChange":{"__symbolic":"function"}}}]