[{"__symbolic":"module","version":4,"metadata":{"validateEventsArray":{"__symbolic":"function"},"AngularFirestoreCollection":{"__symbolic":"class","arity":1,"members":{"__ctor__":[{"__symbolic":"constructor","parameters":[{"__symbolic":"reference","module":"@firebase/firestore-types","name":"CollectionReference","line":58,"character":25},{"__symbolic":"reference","module":"@firebase/firestore-types","name":"Query","line":59,"character":28},{"__symbolic":"reference","module":"../firestore","name":"AngularFirestore","line":60,"character":26}]}],"stateChanges":[{"__symbolic":"method"}],"auditTrail":[{"__symbolic":"method"}],"snapshotChanges":[{"__symbolic":"method"}],"valueChanges":[{"__symbolic":"method"}],"add":[{"__symbolic":"method"}],"doc":[{"__symbolic":"method"}]}}}}]