{"__symbolic":"module","version":4,"metadata":{"EnablePersistenceToken":{"__symbolic":"new","expression":{"__symbolic":"reference","module":"@angular/core","name":"InjectionToken","line":22,"character":42},"arguments":["angularfire2.enableFirestorePersistence"]},"associateQuery":{"__symbolic":"function"},"AngularFirestore":{"__symbolic":"class","decorators":[{"__symbolic":"call","expression":{"__symbolic":"reference","module":"@angular/core","name":"Injectable","line":98,"character":1}}],"members":{"__ctor__":[{"__symbolic":"constructor","parameterDecorators":[[{"__symbolic":"call","expression":{"__symbolic":"reference","module":"@angular/core","name":"Inject","line":111,"character":5},"arguments":[{"__symbolic":"reference","module":"angularfire2","name":"FirebaseAppConfig","line":111,"character":12}]}],[{"__symbolic":"call","expression":{"__symbolic":"reference","module":"@angular/core","name":"Optional","line":112,"character":5}},{"__symbolic":"call","expression":{"__symbolic":"reference","module":"@angular/core","name":"Inject","line":112,"character":17},"arguments":[{"__symbolic":"reference","module":"angularfire2","name":"FirebaseAppName","line":112,"character":24}]}],[{"__symbolic":"call","expression":{"__symbolic":"reference","module":"@angular/core","name":"Optional","line":113,"character":5}},{"__symbolic":"call","expression":{"__symbolic":"reference","module":"@angular/core","name":"Inject","line":113,"character":17},"arguments":[{"__symbolic":"reference","name":"EnablePersistenceToken"}]}],[{"__symbolic":"call","expression":{"__symbolic":"reference","module":"@angular/core","name":"Inject","line":114,"character":5},"arguments":[{"__symbolic":"reference","module":"@angular/core","name":"PLATFORM_ID","line":114,"character":12}]}],null],"parameters":[{"__symbolic":"reference","module":"@firebase/app-types","name":"FirebaseOptions","line":111,"character":38},{"__symbolic":"reference","name":"string"},{"__symbolic":"reference","name":"boolean"},{"__symbolic":"reference","name":"Object"},{"__symbolic":"reference","module":"@angular/core","name":"NgZone","line":115,"character":10}]}],"collection":[{"__symbolic":"method"},{"__symbolic":"method"},{"__symbolic":"method"}],"doc":[{"__symbolic":"method"},{"__symbolic":"method"},{"__symbolic":"method"}],"createId":[{"__symbolic":"method"}]}},"AngularFirestoreModule":{"__symbolic":"class","decorators":[{"__symbolic":"call","expression":{"__symbolic":"reference","module":"@angular/core","name":"NgModule","line":4,"character":1},"arguments":[{"providers":[{"__symbolic":"reference","name":"AngularFirestore"}]}]}],"members":{},"statics":{"enablePersistence":{"__symbolic":"function","parameters":[],"value":{"ngModule":{"__symbolic":"reference","name":"AngularFirestoreModule"},"providers":[{"provide":{"__symbolic":"reference","name":"EnablePersistenceToken"},"useValue":true}]}}}},"validateEventsArray":{"__symbolic":"function"},"AngularFirestoreCollection":{"__symbolic":"class","arity":1,"members":{"__ctor__":[{"__symbolic":"constructor","parameters":[{"__symbolic":"reference","module":"@firebase/firestore-types","name":"CollectionReference","line":58,"character":25},{"__symbolic":"reference","module":"@firebase/firestore-types","name":"Query","line":59,"character":28},{"__symbolic":"reference","name":"AngularFirestore"}]}],"stateChanges":[{"__symbolic":"method"}],"auditTrail":[{"__symbolic":"method"}],"snapshotChanges":[{"__symbolic":"method"}],"valueChanges":[{"__symbolic":"method"}],"add":[{"__symbolic":"method"}],"doc":[{"__symbolic":"method"}]}},"AngularFirestoreDocument":{"__symbolic":"class","arity":1,"members":{"__ctor__":[{"__symbolic":"constructor","parameters":[{"__symbolic":"reference","module":"@firebase/firestore-types","name":"DocumentReference","line":41,"character":26},{"__symbolic":"reference","name":"AngularFirestore"}]}],"set":[{"__symbolic":"method"}],"update":[{"__symbolic":"method"}],"delete":[{"__symbolic":"method"}],"collection":[{"__symbolic":"method"}],"snapshotChanges":[{"__symbolic":"method"}],"valueChanges":[{"__symbolic":"method"}]}},"docChanges":{"__symbolic":"function","parameters":["query"],"value":{"__symbolic":"call","expression":{"__symbolic":"select","expression":{"__symbolic":"call","expression":{"__symbolic":"reference","name":"fromCollectionRef"},"arguments":[{"__symbolic":"reference","name":"query"}]},"member":"map"},"arguments":[{"__symbolic":"error","message":"Lambda not supported","line":16,"character":9,"module":"./collection/changes"}]}},"sortedChanges":{"__symbolic":"function","parameters":["query","events"],"value":{"__symbolic":"call","expression":{"__symbolic":"select","expression":{"__symbolic":"call","expression":{"__symbolic":"select","expression":{"__symbolic":"call","expression":{"__symbolic":"select","expression":{"__symbolic":"call","expression":{"__symbolic":"reference","name":"fromCollectionRef"},"arguments":[{"__symbolic":"reference","name":"query"}]},"member":"map"},"arguments":[{"__symbolic":"error","message":"Lambda not supported","line":27,"character":9,"module":"./collection/changes"}]},"member":"scan"},"arguments":[{"__symbolic":"error","message":"Lambda not supported","line":28,"character":10,"module":"./collection/changes"},[]]},"member":"map"},"arguments":[{"__symbolic":"error","message":"Lambda not supported","line":29,"character":9,"module":"./collection/changes"}]}},"combineChanges":{"__symbolic":"function"},"combineChange":{"__symbolic":"function"},"fromRef":{"__symbolic":"function","parameters":["ref"],"value":{"__symbolic":"error","message":"Reference to a non-exported function","line":8,"character":9,"context":{"name":"_fromRef"},"module":"./observable/fromRef"}},"fromDocRef":{"__symbolic":"function","parameters":["ref"],"value":{"__symbolic":"call","expression":{"__symbolic":"select","expression":{"__symbolic":"call","expression":{"__symbolic":"reference","name":"fromRef"},"arguments":[{"__symbolic":"reference","name":"ref"}]},"member":"map"},"arguments":[{"__symbolic":"error","message":"Lambda not supported","line":21,"character":9,"module":"./observable/fromRef"}]}},"fromCollectionRef":{"__symbolic":"function","parameters":["ref"],"value":{"__symbolic":"call","expression":{"__symbolic":"select","expression":{"__symbolic":"call","expression":{"__symbolic":"reference","name":"fromRef"},"arguments":[{"__symbolic":"reference","name":"ref"}]},"member":"map"},"arguments":[{"__symbolic":"error","message":"Lambda not supported","line":25,"character":41,"module":"./observable/fromRef"}]}},"DocumentChangeAction":{"__symbolic":"interface"},"Action":{"__symbolic":"interface"},"Reference":{"__symbolic":"interface"},"QueryFn":{"__symbolic":"interface"},"AssociatedReference":{"__symbolic":"interface"}},"origins":{"EnablePersistenceToken":"./firestore","associateQuery":"./firestore","AngularFirestore":"./firestore","AngularFirestoreModule":"./firestore.module","validateEventsArray":"./collection/collection","AngularFirestoreCollection":"./collection/collection","AngularFirestoreDocument":"./document/document","docChanges":"./collection/changes","sortedChanges":"./collection/changes","combineChanges":"./collection/changes","combineChange":"./collection/changes","fromRef":"./observable/fromRef","fromDocRef":"./observable/fromRef","fromCollectionRef":"./observable/fromRef","DocumentChangeAction":"./interfaces","Action":"./interfaces","Reference":"./interfaces","QueryFn":"./interfaces","AssociatedReference":"./interfaces"},"importAs":"angularfire2/firestore"}