[{"__symbolic":"module","version":4,"metadata":{"fromRef":{"__symbolic":"function","parameters":["ref"],"value":{"__symbolic":"error","message":"Reference to a non-exported function","line":8,"character":9,"context":{"name":"_fromRef"}}},"fromDocRef":{"__symbolic":"function","parameters":["ref"],"value":{"__symbolic":"call","expression":{"__symbolic":"select","expression":{"__symbolic":"call","expression":{"__symbolic":"reference","name":"fromRef"},"arguments":[{"__symbolic":"reference","name":"ref"}]},"member":"map"},"arguments":[{"__symbolic":"error","message":"Lambda not supported","line":21,"character":9}]}},"fromCollectionRef":{"__symbolic":"function","parameters":["ref"],"value":{"__symbolic":"call","expression":{"__symbolic":"select","expression":{"__symbolic":"call","expression":{"__symbolic":"reference","name":"fromRef"},"arguments":[{"__symbolic":"reference","name":"ref"}]},"member":"map"},"arguments":[{"__symbolic":"error","message":"Lambda not supported","line":25,"character":41}]}}}}]