[{"__symbolic":"module","version":4,"metadata":{"listChanges":{"__symbolic":"function","parameters":["ref","events"],"value":{"__symbolic":"call","expression":{"__symbolic":"select","expression":{"__symbolic":"call","expression":{"__symbolic":"select","expression":{"__symbolic":"call","expression":{"__symbolic":"reference","module":"../observable/fromRef","name":"fromRef","line":14,"character":9},"arguments":[{"__symbolic":"reference","name":"ref"},"value","once"]},"member":"switchMap"},"arguments":[{"__symbolic":"error","message":"Lambda not supported","line":14,"character":49}]},"member":"distinctUntilChanged"}}}}}]