[{"__symbolic":"module","version":4,"metadata":{"AngularFireAuth":{"__symbolic":"class","decorators":[{"__symbolic":"call","expression":{"__symbolic":"reference","module":"@angular/core","name":"Injectable","line":11,"character":1}}],"members":{"__ctor__":[{"__symbolic":"constructor","parameterDecorators":[[{"__symbolic":"call","expression":{"__symbolic":"reference","module":"@angular/core","name":"Inject","line":30,"character":5},"arguments":[{"__symbolic":"reference","module":"angularfire2","name":"FirebaseAppConfig","line":30,"character":12}]}],[{"__symbolic":"call","expression":{"__symbolic":"reference","module":"@angular/core","name":"Optional","line":31,"character":5}},{"__symbolic":"call","expression":{"__symbolic":"reference","module":"@angular/core","name":"Inject","line":31,"character":17},"arguments":[{"__symbolic":"reference","module":"angularfire2","name":"FirebaseAppName","line":31,"character":24}]}],[{"__symbolic":"call","expression":{"__symbolic":"reference","module":"@angular/core","name":"Inject","line":32,"character":5},"arguments":[{"__symbolic":"reference","module":"@angular/core","name":"PLATFORM_ID","line":32,"character":12}]}],null],"parameters":[{"__symbolic":"reference","module":"@firebase/app-types","name":"FirebaseOptions","line":30,"character":38},{"__symbolic":"reference","name":"string"},{"__symbolic":"reference","name":"Object"},{"__symbolic":"reference","module":"@angular/core","name":"NgZone","line":33,"character":18}]}]}}}}]