[{"__symbolic":"module","version":4,"metadata":{"AngularFireDatabase":{"__symbolic":"class","decorators":[{"__symbolic":"call","expression":{"__symbolic":"reference","module":"@angular/core","name":"Injectable","line":11,"character":1}}],"members":{"__ctor__":[{"__symbolic":"constructor","parameterDecorators":[[{"__symbolic":"call","expression":{"__symbolic":"reference","module":"@angular/core","name":"Inject","line":20,"character":5},"arguments":[{"__symbolic":"reference","module":"angularfire2","name":"FirebaseAppConfig","line":20,"character":12}]}],[{"__symbolic":"call","expression":{"__symbolic":"reference","module":"@angular/core","name":"Optional","line":21,"character":5}},{"__symbolic":"call","expression":{"__symbolic":"reference","module":"@angular/core","name":"Inject","line":21,"character":17},"arguments":[{"__symbolic":"reference","module":"angularfire2","name":"FirebaseAppName","line":21,"character":24}]}],[{"__symbolic":"call","expression":{"__symbolic":"reference","module":"@angular/core","name":"Optional","line":22,"character":5}},{"__symbolic":"call","expression":{"__symbolic":"reference","module":"@angular/core","name":"Inject","line":22,"character":17},"arguments":[{"__symbolic":"reference","module":"angularfire2","name":"RealtimeDatabaseURL","line":22,"character":24}]}],null],"parameters":[{"__symbolic":"reference","module":"@firebase/app-types","name":"FirebaseOptions","line":20,"character":38},{"__symbolic":"reference","name":"string"},{"__symbolic":"reference","name":"string"},{"__symbolic":"reference","module":"@angular/core","name":"NgZone","line":23,"character":10}]}],"list":[{"__symbolic":"method"}],"object":[{"__symbolic":"method"}]}},"RealtimeDatabaseURL":{"__symbolic":"reference","module":"angularfire2","name":"RealtimeDatabaseURL","line":43,"character":9}}}]