[{"__symbolic":"module","version":4,"metadata":{"FirebaseObjectObservable":{"__symbolic":"class","extends":{"__symbolic":"reference","module":"rxjs/Observable","name":"Observable","line":6,"character":49},"arity":1,"members":{"__ctor__":[{"__symbolic":"constructor","parameters":[{"__symbolic":"error","message":"Expression form not supported","line":7,"character":26},{"__symbolic":"reference","module":"@firebase/database-types","name":"Reference","line":7,"character":105}]}],"lift":[{"__symbolic":"method"}],"set":[{"__symbolic":"method"}],"update":[{"__symbolic":"method"}],"remove":[{"__symbolic":"method"}]}}}}]