[{"__symbolic":"module","version":4,"metadata":{"FirebaseOperation":{"__symbolic":"interface"},"FirebaseListObservable":{"__symbolic":"class","extends":{"__symbolic":"reference","module":"rxjs/Observable","name":"Observable","line":10,"character":47},"arity":1,"members":{"__ctor__":[{"__symbolic":"constructor","parameters":[{"__symbolic":"reference","module":"./interfaces","name":"QueryReference","line":11,"character":27},{"__symbolic":"error","message":"Expression form not supported","line":11,"character":55}]}],"lift":[{"__symbolic":"method"}],"push":[{"__symbolic":"method"}],"set":[{"__symbolic":"method"}],"update":[{"__symbolic":"method"}],"remove":[{"__symbolic":"method"}],"_checkOperationCases":[{"__symbolic":"method"}]}}}}]