[{"__symbolic":"module","version":4,"metadata":{"FirebaseListFactory":{"__symbolic":"function"},"onChildAdded":{"__symbolic":"function"},"onChildChanged":{"__symbolic":"function"},"onChildRemoved":{"__symbolic":"function"},"onChildUpdated":{"__symbolic":"function","parameters":["arr","child","toKey","prevKey"],"value":{"__symbolic":"call","expression":{"__symbolic":"select","expression":{"__symbolic":"reference","name":"arr"},"member":"map"},"arguments":[{"__symbolic":"error","message":"Lambda not supported","line":234,"character":17}]}}}}]