[{"__symbolic":"module","version":4,"metadata":{"FirebaseOperationCases":{"__symbolic":"interface"},"AFUnwrappedDataSnapshot":{"__symbolic":"interface"},"Query":{"__symbolic":"interface"},"ScalarQuery":{"__symbolic":"interface"},"OrderBySelection":{"__symbolic":"interface"},"LimitToSelection":{"__symbolic":"interface"},"FirebaseListFactoryOpts":{"__symbolic":"interface"},"FirebaseObjectFactoryOpts":{"__symbolic":"interface"},"OrderByOptions":{"Child":0,"Key":1,"Value":2,"Priority":3},"LimitToOptions":{"First":0,"Last":1},"QueryOptions":{"EqualTo":0,"StartAt":1,"EndAt":2},"Primitive":{"__symbolic":"interface"},"DatabaseSnapshot":{"__symbolic":"interface"},"DatabaseReference":{"__symbolic":"interface"},"DatabaseQuery":{"__symbolic":"interface"},"QueryReference":{"__symbolic":"interface"},"PathReference":{"__symbolic":"interface"}}}]