[{"__symbolic":"module","version":4,"metadata":{"isNil":{"__symbolic":"function","parameters":["obj"],"value":{"__symbolic":"binop","operator":"||","left":{"__symbolic":"binop","operator":"===","left":{"__symbolic":"reference","name":"obj"},"right":{"__symbolic":"reference","name":"undefined"}},"right":{"__symbolic":"binop","operator":"===","left":{"__symbolic":"reference","name":"obj"},"right":null}}},"hasKey":{"__symbolic":"function","parameters":["obj","key"],"value":{"__symbolic":"binop","operator":"&&","left":{"__symbolic":"reference","name":"obj"},"right":{"__symbolic":"binop","operator":"!==","left":{"__symbolic":"index","expression":{"__symbolic":"reference","name":"obj"},"index":{"__symbolic":"reference","name":"key"}},"right":{"__symbolic":"reference","name":"undefined"}}}},"isString":{"__symbolic":"function","parameters":["value"],"value":{"__symbolic":"binop","operator":"===","left":{"__symbolic":"error","message":"Expression form not supported","line":17,"character":9},"right":"string"}},"isFirebaseRef":{"__symbolic":"function","parameters":["value"],"value":{"__symbolic":"binop","operator":"===","left":{"__symbolic":"error","message":"Expression form not supported","line":21,"character":9},"right":"function"}},"isFirebaseDataSnapshot":{"__symbolic":"function","parameters":["value"],"value":{"__symbolic":"binop","operator":"===","left":{"__symbolic":"error","message":"Expression form not supported","line":25,"character":9},"right":"function"}},"isAFUnwrappedSnapshot":{"__symbolic":"function","parameters":["value"],"value":{"__symbolic":"binop","operator":"===","left":{"__symbolic":"error","message":"Expression form not supported","line":29,"character":9},"right":"string"}},"isFirebaseQuery":{"__symbolic":"function","parameters":["value"],"value":{"__symbolic":"binop","operator":"===","left":{"__symbolic":"error","message":"Expression form not supported","line":33,"character":9},"right":"function"}},"isEmptyObject":{"__symbolic":"function"},"CheckUrlRef":{"__symbolic":"interface"},"unwrapMapFn":{"__symbolic":"function"},"stripTrailingSlash":{"__symbolic":"function"},"stripLeadingSlash":{"__symbolic":"function"},"isAbsoluteUrl":{"__symbolic":"function","parameters":["url"],"value":{"__symbolic":"error","message":"Reference to a local symbol","line":6,"character":6,"context":{"name":"REGEX_ABSOLUTE_URL"}}},"getRef":{"__symbolic":"function"}}}]