[{"__symbolic":"module","version":4,"metadata":{"AngularFireDatabase":{"__symbolic":"class","decorators":[{"__symbolic":"call","expression":{"__symbolic":"reference","module":"@angular/core","name":"Injectable","line":10,"character":1}}],"members":{"__ctor__":[{"__symbolic":"constructor","parameterDecorators":[[{"__symbolic":"call","expression":{"__symbolic":"reference","module":"@angular/core","name":"Inject","line":16,"character":5},"arguments":[{"__symbolic":"reference","module":"angularfire2","name":"FirebaseAppConfig","line":16,"character":12}]}],[{"__symbolic":"call","expression":{"__symbolic":"reference","module":"@angular/core","name":"Optional","line":17,"character":5}},{"__symbolic":"call","expression":{"__symbolic":"reference","module":"@angular/core","name":"Inject","line":17,"character":17},"arguments":[{"__symbolic":"reference","module":"angularfire2","name":"FirebaseAppName","line":17,"character":24}]}],[{"__symbolic":"call","expression":{"__symbolic":"reference","module":"@angular/core","name":"Optional","line":18,"character":5}},{"__symbolic":"call","expression":{"__symbolic":"reference","module":"@angular/core","name":"Inject","line":18,"character":17},"arguments":[{"__symbolic":"reference","module":"angularfire2","name":"RealtimeDatabaseURL","line":18,"character":24}]}],[{"__symbolic":"call","expression":{"__symbolic":"reference","module":"@angular/core","name":"Inject","line":19,"character":5},"arguments":[{"__symbolic":"reference","module":"@angular/core","name":"PLATFORM_ID","line":19,"character":12}]}],null],"parameters":[{"__symbolic":"reference","module":"@firebase/app-types","name":"FirebaseOptions","line":16,"character":38},{"__symbolic":"reference","name":"string"},{"__symbolic":"reference","name":"string"},{"__symbolic":"reference","name":"Object"},{"__symbolic":"reference","module":"@angular/core","name":"NgZone","line":20,"character":10}]}],"list":[{"__symbolic":"method"}],"object":[{"__symbolic":"method"}],"createPushId":[{"__symbolic":"method"}]}},"RealtimeDatabaseURL":{"__symbolic":"reference","module":"angularfire2","name":"RealtimeDatabaseURL","line":64,"character":9}},"exports":[{"from":"./interfaces","export":["PathReference","DatabaseQuery","DatabaseReference","DatabaseSnapshot","ChildEvent","ListenEvent","QueryFn","AngularFireList","AngularFireObject","AngularFireAction","Action","SnapshotAction"]}]}]