[{"__symbolic":"module","version":4,"metadata":{"FirebaseOperation":{"__symbolic":"interface"},"AngularFireList":{"__symbolic":"interface"},"AngularFireObject":{"__symbolic":"interface"},"FirebaseOperationCases":{"__symbolic":"interface"},"QueryFn":{"__symbolic":"interface"},"ChildEvent":{"__symbolic":"interface"},"ListenEvent":{"__symbolic":"interface"},"Action":{"__symbolic":"interface"},"AngularFireAction":{"__symbolic":"interface"},"SnapshotAction":{"__symbolic":"interface"},"Primitive":{"__symbolic":"interface"},"DatabaseSnapshot":{"__symbolic":"interface"},"DatabaseReference":{"__symbolic":"interface"},"DatabaseQuery":{"__symbolic":"interface"},"QueryReference":{"__symbolic":"interface"},"PathReference":{"__symbolic":"interface"}}}]