[{"__symbolic":"module","version":4,"metadata":{"isString":{"__symbolic":"function","parameters":["value"],"value":{"__symbolic":"binop","operator":"===","left":{"__symbolic":"error","message":"Expression form not supported","line":7,"character":9},"right":"string"}},"isFirebaseDataSnapshot":{"__symbolic":"function","parameters":["value"],"value":{"__symbolic":"binop","operator":"===","left":{"__symbolic":"error","message":"Expression form not supported","line":11,"character":9},"right":"function"}},"isNil":{"__symbolic":"function","parameters":["obj"],"value":{"__symbolic":"binop","operator":"||","left":{"__symbolic":"binop","operator":"===","left":{"__symbolic":"reference","name":"obj"},"right":{"__symbolic":"reference","name":"undefined"}},"right":{"__symbolic":"binop","operator":"===","left":{"__symbolic":"reference","name":"obj"},"right":null}}},"isFirebaseRef":{"__symbolic":"function","parameters":["value"],"value":{"__symbolic":"binop","operator":"===","left":{"__symbolic":"error","message":"Expression form not supported","line":19,"character":9},"right":"function"}},"getRef":{"__symbolic":"function","parameters":["database","pathRef"],"value":{"__symbolic":"if","condition":{"__symbolic":"call","expression":{"__symbolic":"reference","name":"isFirebaseRef"},"arguments":[{"__symbolic":"reference","name":"pathRef"}]},"thenExpression":{"__symbolic":"reference","name":"pathRef"},"elseExpression":{"__symbolic":"call","expression":{"__symbolic":"select","expression":{"__symbolic":"reference","name":"database"},"member":"ref"},"arguments":[{"__symbolic":"reference","name":"pathRef"}]}}},"checkOperationCases":{"__symbolic":"function"}}}]