[{"__symbolic":"module","version":4,"metadata":{"AngularFirestoreDocument":{"__symbolic":"class","arity":1,"members":{"__ctor__":[{"__symbolic":"constructor","parameters":[{"__symbolic":"reference","module":"@firebase/firestore-types","name":"DocumentReference","line":41,"character":26},{"__symbolic":"reference","module":"../firestore","name":"AngularFirestore","line":41,"character":58}]}],"set":[{"__symbolic":"method"}],"update":[{"__symbolic":"method"}],"delete":[{"__symbolic":"method"}],"collection":[{"__symbolic":"method"}],"snapshotChanges":[{"__symbolic":"method"}],"valueChanges":[{"__symbolic":"method"}]}}}}]