{"__symbolic":"module","version":4,"metadata":{"AngularFireDatabase":{"__symbolic":"class","decorators":[{"__symbolic":"call","expression":{"__symbolic":"reference","module":"@angular/core","name":"Injectable","line":11,"character":1}}],"members":{"__ctor__":[{"__symbolic":"constructor","parameterDecorators":[[{"__symbolic":"call","expression":{"__symbolic":"reference","module":"@angular/core","name":"Inject","line":20,"character":5},"arguments":[{"__symbolic":"reference","module":"angularfire2","name":"FirebaseAppConfig","line":20,"character":12}]}],[{"__symbolic":"call","expression":{"__symbolic":"reference","module":"@angular/core","name":"Optional","line":21,"character":5}},{"__symbolic":"call","expression":{"__symbolic":"reference","module":"@angular/core","name":"Inject","line":21,"character":17},"arguments":[{"__symbolic":"reference","module":"angularfire2","name":"FirebaseAppName","line":21,"character":24}]}],[{"__symbolic":"call","expression":{"__symbolic":"reference","module":"@angular/core","name":"Optional","line":22,"character":5}},{"__symbolic":"call","expression":{"__symbolic":"reference","module":"@angular/core","name":"Inject","line":22,"character":17},"arguments":[{"__symbolic":"reference","module":"angularfire2","name":"RealtimeDatabaseURL","line":22,"character":24}]}],null],"parameters":[{"__symbolic":"reference","module":"@firebase/app-types","name":"FirebaseOptions","line":20,"character":38},{"__symbolic":"reference","name":"string"},{"__symbolic":"reference","name":"string"},{"__symbolic":"reference","module":"@angular/core","name":"NgZone","line":23,"character":10}]}],"list":[{"__symbolic":"method"}],"object":[{"__symbolic":"method"}]}},"FirebaseListFactory":{"__symbolic":"function"},"onChildAdded":{"__symbolic":"function"},"onChildChanged":{"__symbolic":"function"},"onChildRemoved":{"__symbolic":"function"},"onChildUpdated":{"__symbolic":"function","parameters":["arr","child","toKey","prevKey"],"value":{"__symbolic":"call","expression":{"__symbolic":"select","expression":{"__symbolic":"reference","name":"arr"},"member":"map"},"arguments":[{"__symbolic":"error","message":"Lambda not supported","line":234,"character":17,"module":"./firebase_list_factory"}]}},"FirebaseOperation":{"__symbolic":"interface"},"FirebaseListObservable":{"__symbolic":"class","arity":1,"extends":{"__symbolic":"reference","module":"rxjs/Observable","name":"Observable","line":10,"character":47},"members":{"__ctor__":[{"__symbolic":"constructor","parameters":[{"__symbolic":"reference","name":"ɵa"},{"__symbolic":"error","message":"Expression form not supported","line":11,"character":55,"module":"./firebase_list_observable"}]}],"lift":[{"__symbolic":"method"}],"push":[{"__symbolic":"method"}],"set":[{"__symbolic":"method"}],"update":[{"__symbolic":"method"}],"remove":[{"__symbolic":"method"}],"_checkOperationCases":[{"__symbolic":"method"}]}},"FirebaseObjectFactory":{"__symbolic":"function"},"FirebaseObjectObservable":{"__symbolic":"class","arity":1,"extends":{"__symbolic":"reference","module":"rxjs/Observable","name":"Observable","line":6,"character":49},"members":{"__ctor__":[{"__symbolic":"constructor","parameters":[{"__symbolic":"error","message":"Expression form not supported","line":7,"character":26,"module":"./firebase_object_observable"},{"__symbolic":"reference","module":"@firebase/database-types","name":"Reference","line":7,"character":105}]}],"lift":[{"__symbolic":"method"}],"set":[{"__symbolic":"method"}],"update":[{"__symbolic":"method"}],"remove":[{"__symbolic":"method"}]}},"observeQuery":{"__symbolic":"function"},"getOrderObservables":{"__symbolic":"function"},"getLimitToObservables":{"__symbolic":"function"},"getStartAtObservable":{"__symbolic":"function"},"getEndAtObservable":{"__symbolic":"function"},"getEqualToObservable":{"__symbolic":"function"},"AngularFireDatabaseModule":{"__symbolic":"class","decorators":[{"__symbolic":"call","expression":{"__symbolic":"reference","module":"@angular/core","name":"NgModule","line":4,"character":1},"arguments":[{"providers":[{"__symbolic":"reference","name":"AngularFireDatabase"}]}]}],"members":{}},"ɵa":{"__symbolic":"interface"}},"origins":{"AngularFireDatabase":"./database","RealtimeDatabaseURL":"angularfire2","FirebaseListFactory":"./firebase_list_factory","onChildAdded":"./firebase_list_factory","onChildChanged":"./firebase_list_factory","onChildRemoved":"./firebase_list_factory","onChildUpdated":"./firebase_list_factory","FirebaseOperation":"./firebase_list_observable","FirebaseListObservable":"./firebase_list_observable","FirebaseObjectFactory":"./firebase_object_factory","FirebaseObjectObservable":"./firebase_object_observable","observeQuery":"./query_observable","getOrderObservables":"./query_observable","getLimitToObservables":"./query_observable","getStartAtObservable":"./query_observable","getEndAtObservable":"./query_observable","getEqualToObservable":"./query_observable","AngularFireDatabaseModule":"./database.module","ɵa":"./interfaces"},"importAs":"angularfire2/database-deprecated"}