{"__symbolic":"module","version":4,"metadata":{"AngularFireStorageReference":{"__symbolic":"interface"},"createStorageRef":{"__symbolic":"function","parameters":["ref","scheduler"],"value":{"__symbolic":"error","message":"Lambda not supported","line":23,"character":20,"module":"./ref"}},"StorageBucket":{"__symbolic":"new","expression":{"__symbolic":"reference","module":"@angular/core","name":"InjectionToken","line":8,"character":33},"arguments":["angularfire2.storageBucket"]},"AngularFireStorage":{"__symbolic":"class","decorators":[{"__symbolic":"call","expression":{"__symbolic":"reference","module":"@angular/core","name":"Injectable","line":17,"character":1}}],"members":{"__ctor__":[{"__symbolic":"constructor","parameterDecorators":[[{"__symbolic":"call","expression":{"__symbolic":"reference","module":"@angular/core","name":"Inject","line":23,"character":5},"arguments":[{"__symbolic":"reference","module":"angularfire2","name":"FirebaseAppConfig","line":23,"character":12}]}],[{"__symbolic":"call","expression":{"__symbolic":"reference","module":"@angular/core","name":"Optional","line":24,"character":5}},{"__symbolic":"call","expression":{"__symbolic":"reference","module":"@angular/core","name":"Inject","line":24,"character":17},"arguments":[{"__symbolic":"reference","module":"angularfire2","name":"FirebaseAppName","line":24,"character":24}]}],[{"__symbolic":"call","expression":{"__symbolic":"reference","module":"@angular/core","name":"Optional","line":25,"character":5}},{"__symbolic":"call","expression":{"__symbolic":"reference","module":"@angular/core","name":"Inject","line":25,"character":17},"arguments":[{"__symbolic":"reference","name":"StorageBucket"}]}],[{"__symbolic":"call","expression":{"__symbolic":"reference","module":"@angular/core","name":"Inject","line":26,"character":5},"arguments":[{"__symbolic":"reference","module":"@angular/core","name":"PLATFORM_ID","line":26,"character":12}]}],null],"parameters":[{"__symbolic":"reference","module":"@firebase/app-types","name":"FirebaseOptions","line":23,"character":38},{"__symbolic":"reference","name":"string"},{"__symbolic":"reference","name":"string"},{"__symbolic":"reference","name":"Object"},{"__symbolic":"reference","module":"@angular/core","name":"NgZone","line":27,"character":10}]}],"ref":[{"__symbolic":"method"}],"upload":[{"__symbolic":"method"}]}},"AngularFireUploadTask":{"__symbolic":"interface"},"createUploadTask":{"__symbolic":"function"},"fromTask":{"__symbolic":"function","parameters":["task"],"value":{"__symbolic":"error","message":"Lambda not supported","line":4,"character":44,"module":"./observable/fromTask"}},"AngularFireStorageModule":{"__symbolic":"class","decorators":[{"__symbolic":"call","expression":{"__symbolic":"reference","module":"@angular/core","name":"NgModule","line":4,"character":1},"arguments":[{"providers":[{"__symbolic":"reference","name":"AngularFireStorage"}]}]}],"members":{}}},"origins":{"AngularFireStorageReference":"./ref","createStorageRef":"./ref","StorageBucket":"./storage","AngularFireStorage":"./storage","AngularFireUploadTask":"./task","createUploadTask":"./task","fromTask":"./observable/fromTask","AngularFireStorageModule":"./storage.module"},"importAs":"angularfire2/storage"}