[{"__symbolic":"module","version":4,"metadata":{"AngularFirestoreModule":{"__symbolic":"class","decorators":[{"__symbolic":"call","expression":{"__symbolic":"reference","module":"@angular/core","name":"NgModule","line":4,"character":1},"arguments":[{"providers":[{"__symbolic":"reference","module":"./firestore","name":"AngularFirestore","line":5,"character":15}]}]}],"statics":{"enablePersistence":{"__symbolic":"function","parameters":[],"value":{"ngModule":{"__symbolic":"reference","name":"AngularFirestoreModule"},"providers":[{"provide":{"__symbolic":"reference","module":"./firestore","name":"EnablePersistenceToken","line":15,"character":19},"useValue":true}]}}}}}}]