[{"__symbolic":"module","version":4,"metadata":{"EnablePersistenceToken":{"__symbolic":"new","expression":{"__symbolic":"reference","module":"@angular/core","name":"InjectionToken","line":22,"character":42},"arguments":["angularfire2.enableFirestorePersistence"]},"associateQuery":{"__symbolic":"function"},"AngularFirestore":{"__symbolic":"class","decorators":[{"__symbolic":"call","expression":{"__symbolic":"reference","module":"@angular/core","name":"Injectable","line":98,"character":1}}],"members":{"__ctor__":[{"__symbolic":"constructor","parameterDecorators":[[{"__symbolic":"call","expression":{"__symbolic":"reference","module":"@angular/core","name":"Inject","line":111,"character":5},"arguments":[{"__symbolic":"reference","module":"angularfire2","name":"FirebaseAppConfig","line":111,"character":12}]}],[{"__symbolic":"call","expression":{"__symbolic":"reference","module":"@angular/core","name":"Optional","line":112,"character":5}},{"__symbolic":"call","expression":{"__symbolic":"reference","module":"@angular/core","name":"Inject","line":112,"character":17},"arguments":[{"__symbolic":"reference","module":"angularfire2","name":"FirebaseAppName","line":112,"character":24}]}],[{"__symbolic":"call","expression":{"__symbolic":"reference","module":"@angular/core","name":"Optional","line":113,"character":5}},{"__symbolic":"call","expression":{"__symbolic":"reference","module":"@angular/core","name":"Inject","line":113,"character":17},"arguments":[{"__symbolic":"reference","name":"EnablePersistenceToken"}]}],[{"__symbolic":"call","expression":{"__symbolic":"reference","module":"@angular/core","name":"Inject","line":114,"character":5},"arguments":[{"__symbolic":"reference","module":"@angular/core","name":"PLATFORM_ID","line":114,"character":12}]}],null],"parameters":[{"__symbolic":"reference","module":"@firebase/app-types","name":"FirebaseOptions","line":111,"character":38},{"__symbolic":"reference","name":"string"},{"__symbolic":"reference","name":"boolean"},{"__symbolic":"reference","name":"Object"},{"__symbolic":"reference","module":"@angular/core","name":"NgZone","line":115,"character":10}]}],"collection":[{"__symbolic":"method"},{"__symbolic":"method"},{"__symbolic":"method"}],"doc":[{"__symbolic":"method"},{"__symbolic":"method"},{"__symbolic":"method"}],"createId":[{"__symbolic":"method"}]}}}}]