{"__symbolic":"module","version":4,"metadata":{"AngularFireDatabase":{"__symbolic":"class","decorators":[{"__symbolic":"call","expression":{"__symbolic":"reference","module":"@angular/core","name":"Injectable","line":10,"character":1}}],"members":{"__ctor__":[{"__symbolic":"constructor","parameterDecorators":[[{"__symbolic":"call","expression":{"__symbolic":"reference","module":"@angular/core","name":"Inject","line":16,"character":5},"arguments":[{"__symbolic":"reference","module":"angularfire2","name":"FirebaseAppConfig","line":16,"character":12}]}],[{"__symbolic":"call","expression":{"__symbolic":"reference","module":"@angular/core","name":"Optional","line":17,"character":5}},{"__symbolic":"call","expression":{"__symbolic":"reference","module":"@angular/core","name":"Inject","line":17,"character":17},"arguments":[{"__symbolic":"reference","module":"angularfire2","name":"FirebaseAppName","line":17,"character":24}]}],[{"__symbolic":"call","expression":{"__symbolic":"reference","module":"@angular/core","name":"Optional","line":18,"character":5}},{"__symbolic":"call","expression":{"__symbolic":"reference","module":"@angular/core","name":"Inject","line":18,"character":17},"arguments":[{"__symbolic":"reference","module":"angularfire2","name":"RealtimeDatabaseURL","line":18,"character":24}]}],[{"__symbolic":"call","expression":{"__symbolic":"reference","module":"@angular/core","name":"Inject","line":19,"character":5},"arguments":[{"__symbolic":"reference","module":"@angular/core","name":"PLATFORM_ID","line":19,"character":12}]}],null],"parameters":[{"__symbolic":"reference","module":"@firebase/app-types","name":"FirebaseOptions","line":16,"character":38},{"__symbolic":"reference","name":"string"},{"__symbolic":"reference","name":"string"},{"__symbolic":"reference","name":"Object"},{"__symbolic":"reference","module":"@angular/core","name":"NgZone","line":20,"character":10}]}],"list":[{"__symbolic":"method"}],"object":[{"__symbolic":"method"}],"createPushId":[{"__symbolic":"method"}]}},"PathReference":{"__symbolic":"interface"},"DatabaseQuery":{"__symbolic":"interface"},"DatabaseReference":{"__symbolic":"interface"},"DatabaseSnapshot":{"__symbolic":"interface"},"ChildEvent":{"__symbolic":"interface"},"ListenEvent":{"__symbolic":"interface"},"QueryFn":{"__symbolic":"interface"},"AngularFireList":{"__symbolic":"interface"},"AngularFireObject":{"__symbolic":"interface"},"AngularFireAction":{"__symbolic":"interface"},"Action":{"__symbolic":"interface"},"SnapshotAction":{"__symbolic":"interface"},"listChanges":{"__symbolic":"function","parameters":["ref","events"],"value":{"__symbolic":"call","expression":{"__symbolic":"select","expression":{"__symbolic":"call","expression":{"__symbolic":"select","expression":{"__symbolic":"call","expression":{"__symbolic":"reference","name":"fromRef"},"arguments":[{"__symbolic":"reference","name":"ref"},"value","once"]},"member":"switchMap"},"arguments":[{"__symbolic":"error","message":"Lambda not supported","line":14,"character":49,"module":"./list/changes"}]},"member":"distinctUntilChanged"}}},"createListReference":{"__symbolic":"function","parameters":["query","afDatabase"],"value":{"__symbolic":"error","message":"Lambda not supported","line":13,"character":10,"module":"./list/create-reference"}},"snapshotChanges":{"__symbolic":"function"},"createStateChanges":{"__symbolic":"function","parameters":["query","afDatabase"],"value":{"__symbolic":"error","message":"Lambda not supported","line":10,"character":9,"module":"./list/state-changes"}},"stateChanges":{"__symbolic":"function"},"createAuditTrail":{"__symbolic":"function","parameters":["query","afDatabase"],"value":{"__symbolic":"error","message":"Lambda not supported","line":12,"character":9,"module":"./list/audit-trail"}},"auditTrail":{"__symbolic":"function"},"fromRef":{"__symbolic":"function","parameters":["ref","event","listenType"],"defaults":[null,null,"on"],"value":{"__symbolic":"error","message":"Lambda not supported","line":18,"character":41,"module":"./observable/fromRef"}},"AngularFireDatabaseModule":{"__symbolic":"class","decorators":[{"__symbolic":"call","expression":{"__symbolic":"reference","module":"@angular/core","name":"NgModule","line":4,"character":1},"arguments":[{"providers":[{"__symbolic":"reference","name":"AngularFireDatabase"}]}]}],"members":{}}},"origins":{"AngularFireDatabase":"./database","RealtimeDatabaseURL":"angularfire2","PathReference":"./interfaces","DatabaseQuery":"./interfaces","DatabaseReference":"./interfaces","DatabaseSnapshot":"./interfaces","ChildEvent":"./interfaces","ListenEvent":"./interfaces","QueryFn":"./interfaces","AngularFireList":"./interfaces","AngularFireObject":"./interfaces","AngularFireAction":"./interfaces","Action":"./interfaces","SnapshotAction":"./interfaces","listChanges":"./list/changes","createListReference":"./list/create-reference","snapshotChanges":"./list/snapshot-changes","createStateChanges":"./list/state-changes","stateChanges":"./list/state-changes","createAuditTrail":"./list/audit-trail","auditTrail":"./list/audit-trail","fromRef":"./observable/fromRef","AngularFireDatabaseModule":"./database.module"},"importAs":"angularfire2/database"}