{"__symbolic":"module","version":4,"metadata":{"FirebaseAppName":{"__symbolic":"new","expression":{"__symbolic":"reference","module":"@angular/core","name":"InjectionToken","line":13,"character":8},"arguments":["angularfire2.appName"]},"FirebaseAppConfig":{"__symbolic":"new","expression":{"__symbolic":"reference","module":"@angular/core","name":"InjectionToken","line":15,"character":8},"arguments":["angularfire2.config"]},"RealtimeDatabaseURL":{"__symbolic":"new","expression":{"__symbolic":"reference","module":"@angular/core","name":"InjectionToken","line":19,"character":8},"arguments":["angularfire2.realtimeDatabaseURL"]},"FirebaseZoneScheduler":{"__symbolic":"class","members":{"__ctor__":[{"__symbolic":"constructor","parameters":[{"__symbolic":"reference","module":"@angular/core","name":"NgZone","line":22,"character":27},{"__symbolic":"reference","name":"Object"}]}],"schedule":[{"__symbolic":"method"}],"keepUnstableUntilFirst":[{"__symbolic":"method"}],"runOutsideAngular":[{"__symbolic":"method"}]}},"FirebaseApp":{"__symbolic":"class","members":{}},"_firebaseAppFactory":{"__symbolic":"function"},"AngularFireModule":{"__symbolic":"class","decorators":[{"__symbolic":"call","expression":{"__symbolic":"reference","module":"@angular/core","name":"NgModule","line":36,"character":1},"arguments":[{"providers":[{"provide":{"__symbolic":"reference","name":"FirebaseApp"},"useFactory":{"__symbolic":"reference","name":"_firebaseAppFactory"},"deps":[{"__symbolic":"reference","name":"FirebaseAppConfig"},{"__symbolic":"reference","name":"FirebaseAppName"}]}]}]}],"members":{},"statics":{"initializeApp":{"__symbolic":"function","parameters":["config","appName"],"value":{"ngModule":{"__symbolic":"reference","name":"AngularFireModule"},"providers":[{"provide":{"__symbolic":"reference","name":"FirebaseAppConfig"},"useValue":{"__symbolic":"reference","name":"config"}},{"provide":{"__symbolic":"reference","name":"FirebaseAppName"},"useValue":{"__symbolic":"reference","name":"appName"}}]}}}}},"origins":{"FirebaseAppName":"./angularfire2","FirebaseAppConfig":"./angularfire2","RealtimeDatabaseURL":"./angularfire2","FirebaseZoneScheduler":"./angularfire2","FirebaseApp":"./firebase.app.module","_firebaseAppFactory":"./firebase.app.module","AngularFireModule":"./firebase.app.module"},"importAs":"angularfire2"}